{
  "construct_coverage": 15,
  "construct_coverage_pct": 33.333333333333336,
  "construct_total": 45,
  "format_validity": 1.0,
  "quality_proxy": 0.6553030303030303,
  "run_id": "eval_20260406T040840Z",
  "safety_rejection_rate": 0.0,
  "total_samples": 264,
  "vox_parse_rate": 0.6553030303030303
}