{
  "construct_coverage": 14,
  "construct_coverage_pct": 31.11111111111111,
  "construct_total": 45,
  "format_validity": 1.0,
  "quality_proxy": 0.6161971830985915,
  "run_id": "eval_20260406T025354Z",
  "safety_rejection_rate": 0.0,
  "total_samples": 284,
  "vox_parse_rate": 0.6161971830985915
}